CC_1,ENGTYPE_1,GID_0,GID_1,HASC_1,NAME_0,NAME_1,NL_NAME_1,TYPE_1,VARNAME_1,Baseline,LinReg_1901_2019_Intercept,LinReg_1901_2019_Slope,LinReg_1901_2019_R_Squared,RateChange_1901_2019
,Province,TWN,TWN.1_1,TW.FK,Taiwan,Fujian,福建,Shěng,Fukien,1064.8161413296793,-2240.434315735654,1.6920610568988041,0.04501212252889841,18.909862271576493
,Province,TWN,TWN.7_1,TW.TA,Taiwan,Taiwan,台灣,Shěng,,2265.565468038142,952.0673542414017,0.6732639634049115,0.003971761145128316,3.536353849644552
,Special Municipality,TWN,TWN.2_1,TW.KH,Taiwan,Kaohsiung,高雄,Zhíxiáshì,Gaoxiong,2188.3697186705804,2376.0213614562363,-0.0909336670991411,5.238858048517425e-05,-0.4944825498395006
,Special Municipality,TWN,TWN.3_1,TW.NT,Taiwan,New Taipei,新北,Zhíxiáshì,,2738.9398292223264,-4414.762426317378,3.657043195347644,0.06340517283601022,15.888926642464199
,Special Municipality,TWN,TWN.4_1,TW.TG,Taiwan,Taichung,台中,Zhíxiáshì,,1866.7474207003186,502.644849755113,0.7026919638438311,0.004072853807576715,4.47946748286093
,Special Municipality,TWN,TWN.5_1,TW.TN,Taiwan,Tainan,台南,Zhíxiáshì,,1829.494711544153,2285.1233125188405,-0.2253052562078808,0.00028177148018271314,-1.4655043996332837
,Special Municipality,TWN,TWN.6_1,TW.TP,Taiwan,Taipei,台北,Zhíxiáshì,Taibei|Taipé|Taipeh,3033.022308685927,-4817.934380186985,4.014205996459193,0.06577777310072697,15.749653809358428
