Region,Change_2009_2019-1950_1970,LinReg_1950_2019_Intercept,LinReg_1950_2019_Slope,LinReg_1950_2019_R_Squared,LinReg_1970_2019_Intercept,LinReg_1970_2019_Slope,LinReg_1970_2019_R_Squared
Global,1.4223951864571553,-42.67490226055111,0.02584491456287643,0.7804215231303456,-65.53230145721025,0.03727651785989656,0.871084533374836
