File Name,GID_0,NAME_0,File Name.1,GID_0.1,NAME_0.1,Change_1950_2019,LinReg_1950_2019_Intercept,LinReg_1950_2019_Slope,LinReg_1950_2019_R_Squared,Change_1970_2019,LinReg_1970_2019_Intercept,LinReg_1970_2019_Slope,LinReg_1970_2019_R_Squared
DEU_adm0,DEU,Germany,DEU_adm0,DEU,Germany,1.9114734085200524,-45.20829805407104,0.02737605206419252,0.44740110564456437,2.6690244656599678,-66.0216097052435,0.037787790910768324,0.4747307562011508
