GID_0,HASC_1,NAME_0,NAME_1,VARNAME_1,GID_0.1,HASC_1.1,NAME_0.1,NAME_1.1,VARNAME_1.1,Change_1950_2019,LinReg_1950_2019_Intercept,LinReg_1950_2019_Slope,LinReg_1950_2019_R_Squared,Change_1970_2019,LinReg_1970_2019_Intercept,LinReg_1970_2019_Slope,LinReg_1970_2019_R_Squared
GBR,,United Kingdom,England,,GBR,,United Kingdom,England,,0.7843090577956371,-25.21015875888449,0.01756911100656191,0.35649381571855865,0.8042115768721061,-36.369260883763744,0.023152426410375786,0.34543581481239993
GBR,,United Kingdom,Scotland,Alba,GBR,,United Kingdom,Scotland,Alba,0.2876579464572906,-21.578103079105663,0.01469272204071703,0.2958660288964936,0.16297725483620695,-17.350359891922995,0.012583442793474082,0.13270205717540884
GBR,,United Kingdom,Northern Ireland,Ulster,GBR,,United Kingdom,Northern Ireland,Ulster,0.9672822289864556,-25.828480979165935,0.017450589299442293,0.4308336755309595,0.6856311038706053,-29.43107379424184,0.019254837822267397,0.3211403185568418
GBR,,United Kingdom,Wales,Cymru,GBR,,United Kingdom,Wales,Cymru,0.8897409722630787,-28.87919938768518,0.019353802740870864,0.4218576359956928,0.7327985765855338,-36.85545860296398,0.023345477362564745,0.3629812859979654
