File Name,GID_0,NAME_0,File Name.1,GID_0.1,NAME_0.1,30_year_diff_1989_2019-1950_1980,10_year_diff_2009_2019-1970_1980,5_year_diff_2014_2019-1970_1975,LinReg_1950_2019_Intercept,LinReg_1950_2019_Slope,LinReg_1950_2019_R_Squared,LinReg_1970_2019_Intercept,LinReg_1970_2019_Slope,LinReg_1970_2019_R_Squared
USA_adm0,USA,United States,USA_adm0,USA,United States,0.976429964619574,1.3476860811482734,1.9127786741058346,-39.541087357141926,0.023529066923946913,0.5580742362094683,-62.51799545665121,0.03502164939436348,0.6232085533503816
