File Name,GID_0,NAME_0,File Name.1,GID_0.1,NAME_0.1,Change_1950_2019,LinReg_1950_2019_Intercept,LinReg_1950_2019_Slope,LinReg_1950_2019_R_Squared,Change_1970_2019,LinReg_1970_2019_Intercept,LinReg_1970_2019_Slope,LinReg_1970_2019_R_Squared
USA_adm0,USA,United States,USA_adm0,USA,United States,1.4700250819182061,-39.541087357141926,0.023529066923946913,0.5580742362094683,1.4946754196660548,-62.51799545665121,0.03502164939436348,0.6232085533503816
